Addam Marbrand;;
Aegon Targaryen;;
Aeron Greyjoy;Damphair;https://images-na.ssl-images-amazon.com/images/M/MV5BNzI5MDg0ZDAtN2Y2ZC00MzU1LTgyYjQtNTBjYjEzODczZDVhXkEyXkFqcGdeQXVyNTg0Nzg4NTE@._V1_.jpg
Aerys II Targaryen;The Mad King;https://images-na.ssl-images-amazon.com/images/M/MV5BMWQzOWViN2ItNDZhOS00MmZlLTkxZTYtZDg5NGUwMGRmYWZjL2ltYWdlL2ltYWdlXkEyXkFqcGdeQXVyMjk3NTUyOTc@._V1_.jpg
Akho;;https://images-na.ssl-images-amazon.com/images/M/MV5BOGE4ZDZmOGUtNGE4Ny00Y2VmLThiOGItMjk3Y2U0ZDY3OWQxXkEyXkFqcGdeQXVyMjk3NTUyOTc@._V1_.jpg
Alliser Thorne;;https://images-na.ssl-images-amazon.com/images/M/MV5BMjAxMjExMjA3M15BMl5BanBnXkFtZTcwMjI1ODg5NA@@._V1_SY1000_CR0,0,666,1000_AL_.jpg
Alton Lannister;;https://images-na.ssl-images-amazon.com/images/M/MV5BMTU0NTU1NTAzOF5BMl5BanBnXkFtZTcwNzA2NDk4OA@@._V1_.jpg
Alys Karstark;;
Amory Lorch;;https://images-na.ssl-images-amazon.com/images/M/MV5BOTVmY2M2YmUtY2JkYS00NjIyLWFhYTAtNTNlZmI4ODdiNmE5XkEyXkFqcGdeQXVyMjg2MTMyNTM@._V1_.jpg
Anguy;;https://images-na.ssl-images-amazon.com/images/M/MV5BNmRhY2M4YmItNjc2Yi00ZDc0LWE5NmUtNGE5OWE0YTQ2YjY3XkEyXkFqcGdeQXVyMjk3NTUyOTc@._V1_.jpg
Marwyn;;
Areo Hotah;;https://images-na.ssl-images-amazon.com/images/M/MV5BNWFkNTAwNzctOGQ2ZS00OTMyLWE3NDYtOGUwM2E1MzVlYjI0XkEyXkFqcGdeQXVyMjk3NTUyOTc@._V1_.jpg
Armeca;;https://images-na.ssl-images-amazon.com/images/M/MV5BZmQyMGVlMDctYWFhMi00YzMyLTlkZDgtOWNmZTY3NmZkYzZlXkEyXkFqcGdeQXVyMjk3NTUyOTc@._V1_.jpg
Arthur;;
Arthur Dayne;;https://images-na.ssl-images-amazon.com/images/M/MV5BODczZDUxYmQtMzk1MC00ZTUwLTk1MjAtZDJlODViMWFhOGU5XkEyXkFqcGdeQXVyMjk3NTUyOTc@._V1_.jpg
Arya Stark;;https://images-na.ssl-images-amazon.com/images/M/MV5BMTk5MTYwNDc0OF5BMl5BanBnXkFtZTcwOTg2NDg1Nw@@._V1_SY1000_CR0,0,665,1000_AL_.jpg
Balon Greyjoy;;https://images-na.ssl-images-amazon.com/images/M/MV5BMTUxNjkwODczN15BMl5BanBnXkFtZTcwODMwNTgzNw@@._V1_SY1000_CR0,0,637,1000_AL_.jpg
Barristan Selmy;;https://images-na.ssl-images-amazon.com/images/M/MV5BMTUyMTE0NjUxNV5BMl5BanBnXkFtZTcwOTA1ODg5NA@@._V1_SX1500_CR0,0,1500,999_AL_.jpg
Benjen Stark;;https://images-na.ssl-images-amazon.com/images/M/MV5BMjFiY2M5MjgtZmRiMS00ZTAyLTk2Y2UtMjdjZTRkZmVlYTMyXkEyXkFqcGdeQXVyMjk3NTUyOTc@._V1_.jpg
Beric Dondarrion;;https://images-na.ssl-images-amazon.com/images/M/MV5BMjQwMTEwNTg2MF5BMl5BanBnXkFtZTgwNTAxODYxOTE@._V1_SY1000_CR0,0,665,1000_AL_.jpg
Bianca;;https://images-na.ssl-images-amazon.com/images/M/MV5BYWJhYjcxYzgtMDlhZi00OGNhLWE0NzAtMWFhMDJlYTZmYzY2XkEyXkFqcGdeQXVyMjk3NTUyOTc@._V1_.jpg
Biter;;https://images-na.ssl-images-amazon.com/images/M/MV5BMjQ1ZWY3NTYtNmYzZS00ZDQyLThhMDItYTQyNmU0ZDg5NWViL2ltYWdlXkEyXkFqcGdeQXVyMjk3NTUyOTc@._V1_.jpg
Bobono;;https://images-na.ssl-images-amazon.com/images/M/MV5BZWRmNWVhNTctOGJlZC00ZjVlLThkY2MtODU3Y2I2Njc1YzZjL2ltYWdlXkEyXkFqcGdeQXVyMjk3NTUyOTc@._V1_.jpg
Bowen Marsh;;https://images-na.ssl-images-amazon.com/images/M/MV5BNmRkMDYxYjQtYTBjZi00NDZlLThmNGMtYzlhNGI1ZDE5NTJmXkEyXkFqcGdeQXVyMjk3NTUyOTc@._V1_.jpg
Brandon Stark;Bran;
Brea;;https://images-na.ssl-images-amazon.com/images/M/MV5BMTUxMzc4MjE3N15BMl5BanBnXkFtZTgwMDg0Njc5NTE@._V1_SX1777_CR0,0,1777,999_AL_.jpg
Brienne of Tarth;;https://images-na.ssl-images-amazon.com/images/M/MV5BMTYzNDY4NzgzOV5BMl5BanBnXkFtZTcwNDM5ODg4OQ@@._V1_.jpg
Bronn;;https://images-na.ssl-images-amazon.com/images/M/MV5BMTY0MzI5MjY1OV5BMl5BanBnXkFtZTcwODM1ODg4OQ@@._V1_.jpg
Brynden Tully;Blackfish;https://images-na.ssl-images-amazon.com/images/M/MV5BOTg5ZDIwOWUtMjQ1OS00YjgxLThmMDgtOWUwZjQ4MzE3ZDhlXkEyXkFqcGdeQXVyMjk3NTUyOTc@._V1_.jpg
Catelyn Stark;;https://images-na.ssl-images-amazon.com/images/M/MV5BMTY2ODc4MTkxMV5BMl5BanBnXkFtZTcwNjM3MTg4OQ@@._V1_SY1000_CR0,0,915,1000_AL_.jpg
Cersei Lannister;;https://images-na.ssl-images-amazon.com/images/M/MV5BMTgzNTAxNjExMl5BMl5BanBnXkFtZTcwMDEwNzI4OQ@@._V1._CR954,56,605,670_.jpg
Colen of Greenpools;;
Craster;;https://images-na.ssl-images-amazon.com/images/M/MV5BMzZiNjZiMGItNTQ2Yi00MGU3LWFjMTktNzlmNDFlYzA3MjY3XkEyXkFqcGdeQXVyMjk3NTUyOTc@._V1_.jpg
Daario Naharis;;https://images-na.ssl-images-amazon.com/images/M/MV5BY2ExMDJmNzMtMDVmZi00MDNlLWI1NzYtOTkxOTdlOWU4YzE4XkEyXkFqcGdeQXVyNTcxMzMwNTA@._V1_SY1000_CR0,0,665,1000_AL_.jpg
Daenerys Targaryen;;https://images-na.ssl-images-amazon.com/images/M/MV5BMjA4MzIxMTQwMF5BMl5BanBnXkFtZTcwMzY2NDg1Nw@@._V1_SY1000_CR0,0,810,1000_AL_.jpghttps://images-na.ssl-images-amazon.com/images/M/MV5BMTgwNzIxMTU1OV5BMl5BanBnXkFtZTcwNzI2ODg5NA@@._V1._SX100_SY140_.jpg
Dagmer Cleftjaw;;https://images-na.ssl-images-amazon.com/images/M/MV5BYWRlYzI5ZTQtODU0My00MWUyLWExNTMtNGQ4OTIwYzE2YzFiXkEyXkFqcGdeQXVyMjk3NTUyOTc@._V1_.jpg
Daisy;;https://images-na.ssl-images-amazon.com/images/M/MV5BMDk2ODRhNzItOGZhNi00YTUyLThkMzctMDQ2Zjg5MzY1NTI2XkEyXkFqcGdeQXVyMjk3NTUyOTc@._V1_.jpg
Davos Seaworth;;https://images-na.ssl-images-amazon.com/images/M/MV5BNTMwODc0NzI4Ml5BMl5BanBnXkFtZTcwNzY3NDk4OQ@@._V1_.jpg
Dickon Tarly;;https://images-na.ssl-images-amazon.com/images/M/MV5BNzk1YjNlZGQtNTU0MC00OGZmLThhYTQtZDM1ZjI2OGNlZGQxXkEyXkFqcGdeQXVyMjk3NTUyOTc@._V1_.jpg
Dongo the Giant;;https://images-na.ssl-images-amazon.com/images/M/MV5BNTRjNGYxNWItYmRhNS00MDY3LWFmZTItMzYzNTEwMjg3YTA1XkEyXkFqcGdeQXVyNDUzOTQ5MjY@._V1_.jpg
Donnel Waynwood;;
Dontos Hollard;;https://images-na.ssl-images-amazon.com/images/M/MV5BNzUzYzg5NGUtOWE5Zi00Y2MwLTg2YzQtMDZlOWE1NDZjZmFkXkEyXkFqcGdeQXVyMjk3NTUyOTc@._V1_.jpg
Doran Martell;;https://images-na.ssl-images-amazon.com/images/M/MV5BZWU5NzJkNWMtYTM4MS00YmE2LWExYmItNDNiOTE3YzI5YzAxXkEyXkFqcGdeQXVyNDUzOTQ5MjY@._V1_SY1000_CR0,0,913,1000_AL_.jpg
Doreah;;https://images-na.ssl-images-amazon.com/images/M/MV5BMjEzNWJmNzYtZjFhYy00NmI5LWFkOWUtOWQ0ZjUzZDYwYjM1XkEyXkFqcGdeQXVyMjk3NTUyOTc@._V1_.jpg
Drennan;;
Drogon;;
Eddard Stark;Ned;https://images-na.ssl-images-amazon.com/images/M/MV5BODcwMjg0MDQ5MF5BMl5BanBnXkFtZTcwMTk2NDk4OQ@@._V1_SY1000_CR0,0,827,1000_AL_.jpg
Eddison Tollett;;https://images-na.ssl-images-amazon.com/images/M/MV5BMTY1MjQ4ODAwNV5BMl5BanBnXkFtZTcwMTc5NDk4OQ@@._V1_.jpg
Edmure Tully;;https://images-na.ssl-images-amazon.com/images/M/MV5BYjEzNThlMmQtMDgzYi00MTQ5LTllMzQtNDZjY2JiMTVhNmNkXkEyXkFqcGdeQXVyMjk3NTUyOTc@._V1_.jpg
Ellaria Sand;;https://images-na.ssl-images-amazon.com/images/M/MV5BNWQ0ZDE5NDUtNDVmZi00ZTI5LTkyOTgtNDhiNjMwZjY3ZjgwXkEyXkFqcGdeQXVyMjk3NTUyOTc@._V1_.jpg
Elia Martell;;
Eon Hunter;;
Euron Greyjoy;;https://images-na.ssl-images-amazon.com/images/M/MV5BNzg1MTJhMjMtMmY4Yy00NTU2LTliZWUtNjM4YzAxY2M3ZDBkXkEyXkFqcGdeQXVyMjk3NTUyOTc@._V1_.jpg
Farlen;;
Gared;;https://images-na.ssl-images-amazon.com/images/M/MV5BNGYxZjljZTctZjIxYy00YmUwLTk3MDgtZWIyZjhkNDgwYTZiXkEyXkFqcGdeQXVyMjk3NTUyOTc@._V1_.jpg
Gatins;;https://images-na.ssl-images-amazon.com/images/M/MV5BNzIwZmJkNDktZWMwMC00ZGNlLWJkNWYtN2ZmOWEzNDFiNWMyXkEyXkFqcGdeQXVyMjk3NTUyOTc@._V1_SX1777_CR0,0,1777,999_AL_.jpg
Gendry;;https://images-na.ssl-images-amazon.com/images/M/MV5BMTcxNzYwMTk4MV5BMl5BanBnXkFtZTcwNDg1ODg4OQ@@._V1_SY1000_CR0,0,846,1000_AL_.jpg
Gerold Hightower;;https://images-na.ssl-images-amazon.com/images/M/MV5BODc3OTIzYmEtYjk2Yy00NTgwLTk4OWMtMjlmMmJmNDE5OGU2XkEyXkFqcGdeQXVyNjU5MTM2ODI@._V1_.jpg
Ghost;;
Gilly;;https://images-na.ssl-images-amazon.com/images/M/MV5BMTYzOTQxMTA3MF5BMl5BanBnXkFtZTcwODM5NDk4OQ@@._V1_SY1000_CR0,0,760,1000_AL_.jpg
Greatjon Umber;;https://images-na.ssl-images-amazon.com/images/M/MV5BN2VjMTM4OTItMDUxMi00N2NiLThhMWMtNGNhMDQ4OGJhOWU0XkEyXkFqcGdeQXVyMjk3NTUyOTc@._V1_.jpg
Gregor Clegane;The Mountain;https://images-na.ssl-images-amazon.com/images/M/MV5BMTU3OTg2MTM2MF5BMl5BanBnXkFtZTcwNDk1NzE5OQ@@._V1_.jpg
Greizhen mo Ullhor;;https://images-na.ssl-images-amazon.com/images/M/MV5BMmYwNjBkZDItZmQyNi00MjhiLWFhMjYtNzk3YWJmMzJhZTFkXkEyXkFqcGdeQXVyMjg2MTMyNTM@._V1_SY1000_SX1500_AL_.jpg
Grenn;;https://images-na.ssl-images-amazon.com/images/M/MV5BMzkzOTI0NjM3MV5BMl5BanBnXkFtZTcwMTY3ODg4OQ@@._V1_.jpg
Grey Wind;;
Grey Worm;;https://images-na.ssl-images-amazon.com/images/M/MV5BMjk3ZDJlNTQtZDBiMC00ODVhLTlmYmYtYzkxMDA0N2QxNDY0XkEyXkFqcGdeQXVyMjk3NTUyOTc@._V1_.jpg
Hallyne;;https://images-na.ssl-images-amazon.com/images/M/MV5BMDg4YzNjMzMtYzk4OS00NTEwLWE1NWItYjMyODViNTQ4YmUxXkEyXkFqcGdeQXVyMjk3NTUyOTc@._V1_.jpg
Harald Karstark;;https://images-na.ssl-images-amazon.com/images/M/MV5BNTE4OTIwNWQtZjNkOC00MzhhLThhYzQtMmU1OTFiZGU3YzMzXkEyXkFqcGdeQXVyMjk3NTUyOTc@._V1_.jpg
Harry Strickland;;https://images-na.ssl-images-amazon.com/images/M/MV5BZGVkZjRkMzUtMzgzYy00YzcyLThhZmMtNDMxMGNmNGRmNWQyXkEyXkFqcGdeQXVyNDgzNTg0OTA@._V1_.jpg
High Sparrow;;https://images-na.ssl-images-amazon.com/images/M/MV5BMTcyOTk0MjExMF5BMl5BanBnXkFtZTgwODk5Njk5NzE@._V1_SY1000_CR0,0,1504,1000_AL_.jpg
Hizdahr zo Loraq;;https://images-na.ssl-images-amazon.com/images/M/MV5BNWQ4YjdmZjItYmExNi00YmNlLWJjZmYtNWEwMmEzNGFjYmFjXkEyXkFqcGdeQXVyMjk3NTUyOTc@._V1_.jpg
Hodor;;https://images-na.ssl-images-amazon.com/images/M/MV5BMjEzMzU4MDEyNF5BMl5BanBnXkFtZTcwNDM2ODg4OQ@@._V1_.jpg
Hoster Tully;;https://images-na.ssl-images-amazon.com/images/M/MV5BNTY3YzMzOWUtNzNjYi00ODYzLThjNjUtNzc4NzFlNmE2NjgyXkEyXkFqcGdeQXVyMjk3NTUyOTc@._V1_.jpg
Hot Pie;;https://images-na.ssl-images-amazon.com/images/M/MV5BOTQyNTI4NDg4M15BMl5BanBnXkFtZTcwNDk4NDk4OQ@@._V1_.jpg
Howland Reed;;https://images-na.ssl-images-amazon.com/images/M/MV5BOTdkNjRkMTAtZGMwOS00OTA4LWE5NzktNDIyOTNiOTM0ZjkxXkEyXkFqcGdeQXVyMjk3NTUyOTc@._V1_.jpg
Hugh of the Vale;;https://images-na.ssl-images-amazon.com/images/M/MV5BODRhNGQwNDgtNDEwNS00MWRlLWJmZTQtMTJlNjNmZTI1ZDk5XkEyXkFqcGdeQXVyMjk3NTUyOTc@._V1_.jpg
Illyrio Mopatis;;https://images-na.ssl-images-amazon.com/images/M/MV5BMzM1OWY0ZmUtNWM5Ny00NzgzLWFhMmUtOWY1Njc3NmNkZmM1XkEyXkFqcGdeQXVyMjk3NTUyOTc@._V1_.jpg
Ilyn Payne;;https://images-na.ssl-images-amazon.com/images/M/MV5BOGY5ZGE1OGUtODYwNS00OTVlLWE1MWItMzI5NDBmYWIwZTI4XkEyXkFqcGdeQXVyMjk3NTUyOTc@._V1_.jpg
Irri;;https://images-na.ssl-images-amazon.com/images/M/MV5BY2Y0ZmNiMjItNzVmNi00MGEyLWFhMTUtZDZkYTBmZjFiZDY1XkEyXkFqcGdeQXVyMjk3NTUyOTc@._V1_.jpg
Izembaro;;https://images-na.ssl-images-amazon.com/images/M/MV5BN2NkZmFkMmItNzhiMy00ZTJkLThjM2YtNzBhMzU0ZmJkZjI4XkEyXkFqcGdeQXVyMjk3NTUyOTc@._V1_.jpg
Jafer Flowers;;
Jaime Lannister;The Kingslayer;https://images-na.ssl-images-amazon.com/images/M/MV5BMjIzMzU1NjM1MF5BMl5BanBnXkFtZTcwMzIxODg4OQ@@._V1_.jpg
Janos Slynt;;https://images-na.ssl-images-amazon.com/images/M/MV5BNGUwMzllZGEtZjdkZi00NTgwLTgxY2UtODFhZjZlZDNmN2ZkXkEyXkFqcGdeQXVyMjk3NTUyOTc@._V1_.jpg
Jaqen H'ghar;;https://images-na.ssl-images-amazon.com/images/M/MV5BMTA1MjI5MzYwNzNeQTJeQWpwZ15BbWU3MDkxNDcxOTk@._V1_.jpg
Jaremy Rykker;;https://images-na.ssl-images-amazon.com/images/M/MV5BMjg4YjRmMDYtZjcyMS00YjM3LTg4OWQtZTg2MDFiZTJkZDIwXkEyXkFqcGdeQXVyMjk3NTUyOTc@._V1_.jpg
Jeor Mormont;;https://images-na.ssl-images-amazon.com/images/M/MV5BODAwODYyNzk0NV5BMl5BanBnXkFtZTcwNDI2NDk4OQ@@._V1_.jpg
Jhiqui;;
Joffrey Baratheon;;https://images-na.ssl-images-amazon.com/images/M/MV5BMTk1NDg5MTAwMl5BMl5BanBnXkFtZTcwOTIwODg4OQ@@._V1_SY1000_CR0,0,818,1000_AL_.jpg
Jojen Reed;;https://images-na.ssl-images-amazon.com/images/M/MV5BMTg0OTU4MTk4M15BMl5BanBnXkFtZTcwMTE4MTE5OQ@@._V1_.jpg
Jon Arryn;;https://images-na.ssl-images-amazon.com/images/M/MV5BYmJiMzVjYzEtODA2ZC00NTkwLWI1ZDEtNDUxM2Y1NzcxZjU0XkEyXkFqcGdeQXVyNDUzOTQ5MjY@._V1_.jpg
Jon Snow;;https://images-na.ssl-images-amazon.com/images/M/MV5BMTkwMjUxMDk2OV5BMl5BanBnXkFtZTcwMzg3MTg4OQ@@._V1_.jpg
Jonos Bracken;;
Jorah Mormont;;https://images-na.ssl-images-amazon.com/images/M/MV5BMTkzNTcxMDI2NV5BMl5BanBnXkFtZTcwMzgxNzI4OQ@@._V1._CR225,437,407,405_.jpg
Jory Cassel;;https://images-na.ssl-images-amazon.com/images/M/MV5BZTg3OGE5MDktNmYxOS00YmFiLWFjMDYtMTBkMjlhYWJhZjYzXkEyXkFqcGdeQXVyMjk3NTUyOTc@._V1_.jpg
Joyeuse Erenford;;https://images-na.ssl-images-amazon.com/images/M/MV5BMjA4MTU5NDQzM15BMl5BanBnXkFtZTcwNjQxNDM2OQ@@._V1_SY1000_CR0,0,1503,1000_AL_.jpg
Karl Tanner;;https://images-na.ssl-images-amazon.com/images/M/MV5BNDEwZGVlODEtM2VhNC00ZjJmLTlmMjAtNzBlNTdmOTcwZGY2XkEyXkFqcGdeQXVyMjk3NTUyOTc@._V1_.jpg
Karsi;;https://images-na.ssl-images-amazon.com/images/M/MV5BMjcxZWVjZTMtZTBhOS00ZjM5LTkxOTctNzdkMmU2ZTIzYzU5XkEyXkFqcGdeQXVyMjk3NTUyOTc@._V1_.jpg
Kayla;;https://images-na.ssl-images-amazon.com/images/M/MV5BZmJhNmU5NGItMmUwNC00NDgxLThlYWMtMzc0NTQ4YmZiMDIxXkEyXkFqcGdeQXVyMjk3NTUyOTc@._V1_SY1000_CR0,0,1718,1000_AL_.jpg
Kegs;;
Kevan Lannister;;https://images-na.ssl-images-amazon.com/images/M/MV5BMjZkMzliOWYtODIwNS00ZTU2LWIxNTAtYjFlNTA1YjdhNzc4XkEyXkFqcGdeQXVyMjk3NTUyOTc@._V1_.jpg
Drogo;;https://images-na.ssl-images-amazon.com/images/M/MV5BMTQzMTE2MjczM15BMl5BanBnXkFtZTcwMDA5NDk4OQ@@._V1_.jpg
Moro;;https://images-na.ssl-images-amazon.com/images/M/MV5BN2ZkODIwY2MtNzViYS00NDEwLWE2ZjItZDFiMzg1MWVjMzQwXkEyXkFqcGdeQXVyMjk3NTUyOTc@._V1_.jpg
Rhalko;;https://images-na.ssl-images-amazon.com/images/M/MV5BYTFkMWRiMDItN2Q2Ny00N2VlLWIxMzYtZDMwODkwNDE4ZTYyXkEyXkFqcGdeQXVyMTk0NzA0Njg@._V1_.jpg
Kinvara;;https://images-na.ssl-images-amazon.com/images/M/MV5BZGNkYWZlZmYtM2Y4Yi00YmJjLTk1OTktNDc0YmMxODY5ZTI2XkEyXkFqcGdeQXVyMjk3NTUyOTc@._V1_.jpg
Kitty Frey;;
Kovarro;;https://images-na.ssl-images-amazon.com/images/M/MV5BZjRmMzgyY2QtMzNmYy00NmRhLWIxNzItOGEwOWU2MzA5YjUwXkEyXkFqcGdeQXVyMjk3NTUyOTc@._V1_.jpg
Kraznys mo Nakloz;;https://images-na.ssl-images-amazon.com/images/M/MV5BMWIzZGY0NWUtMmM1OC00NDYzLTkxMjYtM2I1MGM5MTkzODMwXkEyXkFqcGdeQXVyMjk3NTUyOTc@._V1_.jpg
Kurleket;;https://images-na.ssl-images-amazon.com/images/M/MV5BMmY3NWI0YTItNWFkZi00MTVlLWIyNDQtN2MwYjY0ZjhhOTdlXkEyXkFqcGdeQXVyMjk3NTUyOTc@._V1_.jpg
Lancel Lannister;;https://images-na.ssl-images-amazon.com/images/M/MV5BMjI0MTQ5MzEzNV5BMl5BanBnXkFtZTgwNTQ4MDA2NTE@._V1_SY1000_CR0,0,1503,1000_AL_.jpg
Lem Lemoncloak;;https://images-na.ssl-images-amazon.com/images/M/MV5BZWYxOGUwODAtZmY0MS00OTFkLWI0YTUtZTkxNjI1ZjE1YmJhXkEyXkFqcGdeQXVyMjk3NTUyOTc@._V1_.jpg
Leo Lefford;;
Lhara;;https://images-na.ssl-images-amazon.com/images/M/MV5BMTBjZDY4M2YtOWU1ZC00NTA2LWI4ODItYWZjYjlhMWY5NDhmL2ltYWdlXkEyXkFqcGdeQXVyMjk3NTUyOTc@._V1_.jpg
Loboda;;https://images-na.ssl-images-amazon.com/images/M/MV5BMDU5NzIxYzQtNDExMi00YTljLThiNjItMWIxNDEwZTJhNjZkXkEyXkFqcGdeQXVyMjk3NTUyOTc@._V1_.jpg
Locke;;https://images-na.ssl-images-amazon.com/images/M/MV5BOTg1MDM2ODE0MF5BMl5BanBnXkFtZTcwNzM4MzA0OQ@@._V1_SY1000_CR0,0,665,1000_AL_.jpg
Lollys Stokeworth;;https://images-na.ssl-images-amazon.com/images/M/MV5BODQ5MTY2MjAtZmM4NC00OGZmLWIyYjEtYTNlOGQxMzg2NzgxXkEyXkFqcGdeQXVyMjk3NTUyOTc@._V1_.jpg
Lommy Greenhands;;https://images-na.ssl-images-amazon.com/images/M/MV5BMTg2MWUxMzYtMTAxNy00M2MzLTk5N2QtOTY1ZTE1ZGE2OTU4XkEyXkFqcGdeQXVyMjk3NTUyOTc@._V1_.jpg
Loras Tyrell;;https://images-na.ssl-images-amazon.com/images/M/MV5BNzcwNDAxZGMtODU1Mi00YzA2LWJhMzYtN2FjZjg2YWZlMTQ4XkEyXkFqcGdeQXVyMjk3NTUyOTc@._V1_.jpg
Galbart Glover;;
Portan;;
Varys;;https://images-na.ssl-images-amazon.com/images/M/MV5BMTkzNDk2MjczM15BMl5BanBnXkFtZTcwODk0ODg4OQ@@._V1_.jpg
Lordsport Dockhand;;
Lothar Frey;;https://images-na.ssl-images-amazon.com/images/M/MV5BMDc0NDA3YmYtZTNjYi00ZDExLWE2NTUtNzk5NjI3MGI3NzM0XkEyXkFqcGdeQXVyMjk3NTUyOTc@._V1_.jpg
Lyanna Mormont;;https://images-na.ssl-images-amazon.com/images/M/MV5BOTY3MWNmYjAtZjZhYi00M2IzLWJjNDMtMjUzZmU3NTYyYWUxXkEyXkFqcGdeQXVyMjk3NTUyOTc@._V1_.jpg
Lyanna Stark;;https://images-na.ssl-images-amazon.com/images/M/MV5BMTE5NTczY2QtNmQxYS00NTAwLWE2ZTAtYzc1MTkyZGU5MzRkL2ltYWdlL2ltYWdlXkEyXkFqcGdeQXVyMjk3NTUyOTc@._V1_.jpg
Lysa Arryn;;https://images-na.ssl-images-amazon.com/images/M/MV5BMmNlYTYzOTYtOTg1ZC00YzdlLTliNTgtZDhjMTY1MGViZTA5XkEyXkFqcGdeQXVyMjk3NTUyOTc@._V1_.jpg
Mace Tyrell;;https://images-na.ssl-images-amazon.com/images/M/MV5BNTcyZWFjZjItYmI4NS00ZDE2LTg4Y2YtYWJkYWI5MWJlNWFjXkEyXkFqcGdeQXVyMjk3NTUyOTc@._V1_.jpg
Aemon;;https://images-na.ssl-images-amazon.com/images/M/MV5BMjI4NDY4MzI5NV5BMl5BanBnXkFtZTcwMTk0ODg5NA@@._V1_SX1500_CR0,0,1500,999_AL_.jpg
Cressen;;https://images-na.ssl-images-amazon.com/images/M/MV5BYjFmNDZjM2YtMGRkMy00NWM2LThjNWUtYzFkZGRjMjk0YWZlXkEyXkFqcGdeQXVyMjk3NTUyOTc@._V1_.jpg
Luwin;;https://images-na.ssl-images-amazon.com/images/M/MV5BYjk0MmZiNmUtMTljMy00MmY1LTg1ODgtY2FkMjczMjI4ZWQzXkEyXkFqcGdeQXVyMjk3NTUyOTc@._V1_.jpg
Wolkan;;
Mag the Mighty;;https://images-na.ssl-images-amazon.com/images/M/MV5BMDI5NjYzMDMtMmNkOC00MDA4LWI1OTctN2EzYzQ2ZmNiZWYwXkEyXkFqcGdeQXVyNDUzOTQ5MjY@._V1_SY1000_SX1000_AL_.jpg
Maggy;;https://images-na.ssl-images-amazon.com/images/M/MV5BZmQ4ZTIyNjYtZWZlZS00MTVjLTgxZTEtMWYyM2RhMzcwYzc4XkEyXkFqcGdeQXVyMjk3NTUyOTc@._V1_.jpg
Mago;;https://images-na.ssl-images-amazon.com/images/M/MV5BNjdmM2ZlMTQtOGRlMy00NzAyLWE0MWYtM2JiMjNlNjA3MDU2XkEyXkFqcGdeQXVyMjg2MTMyNTM@._V1_SY1000_CR0,0,674,1000_AL_.jpg
Malko;;https://images-na.ssl-images-amazon.com/images/M/MV5BZmUwYTA2YjUtZWU5Zi00OTY1LTlhYjMtOGRhMDZlNTEyOTEzXkEyXkFqcGdeQXVyMjk3NTUyOTc@._V1_.jpg
Mance Rayder;;https://images-na.ssl-images-amazon.com/images/M/MV5BMTU3NzQyNjAwNF5BMl5BanBnXkFtZTcwODcyMTEwOQ@@._V1_SY1000_CR0,0,666,1000_AL_.jpg
Mandon Moore;;
Marei;;https://images-na.ssl-images-amazon.com/images/M/MV5BYTZkM2M5OWItNjQ1NC00MDcyLWIwYjItODBhZmI5NWYxMDVlL2ltYWdlXkEyXkFqcGdeQXVyMjk3NTUyOTc@._V1_.jpg
Margaery Tyrell;;https://images-na.ssl-images-amazon.com/images/M/MV5BMTkzODQ1MDg3NV5BMl5BanBnXkFtZTcwODA4NDk4OQ@@._V1_.jpg
Marillion;;https://images-na.ssl-images-amazon.com/images/M/MV5BNDVlZmU0NmYtOGM1MS00N2E0LTgxYTYtNTBhZDk1ZTM4M2ViXkEyXkFqcGdeQXVyMjk3NTUyOTc@._V1_.jpg
Martyn Lannister;;
Masha Heddle;;
Matthos Seaworth;;https://images-na.ssl-images-amazon.com/images/M/MV5BMTBlYmZlMGEtMzg5Yy00OGFjLWE3Y2MtNjc2NTViN2ExNzM3XkEyXkFqcGdeQXVyMjg2MTMyNTM@._V1_.jpg
Meera Reed;;https://images-na.ssl-images-amazon.com/images/M/MV5BMTQyOTQwNjI5OF5BMl5BanBnXkFtZTcwOTcyMTEwOQ@@._V1_SY1000_CR0,0,665,1000_AL_.jpg
Melessa Tarly;;https://images-na.ssl-images-amazon.com/images/M/MV5BN2U0YmU1Y2EtNTNkOS00MzIxLWI3OTgtNjUwNGY4YTNiNWJlXkEyXkFqcGdeQXVyMjk3NTUyOTc@._V1_.jpg
Melisandre;;https://images-na.ssl-images-amazon.com/images/M/MV5BMTk0MjI5NjQ2OV5BMl5BanBnXkFtZTcwODI4NDk4OQ@@._V1_.jpg
Mero;;https://images-na.ssl-images-amazon.com/images/M/MV5BZmUzODdkZTQtOTAxZC00MjI5LWFmZjctZDYyYTVlNzMxMjdiXkEyXkFqcGdeQXVyMjk3NTUyOTc@._V1_.jpg
Meryn Trant;;https://images-na.ssl-images-amazon.com/images/M/MV5BNTVjYTRhZWMtM2QwOC00MmYyLTk3ZjAtYmI1ZTlhNmQ3NzE0XkEyXkFqcGdeQXVyMjk3NTUyOTc@._V1_.jpg
Mhaegen;;
Mikken;;
Mirelle;;https://images-na.ssl-images-amazon.com/images/M/MV5BMDFlYzUxNTktYjRiOC00NmM1LTg1OTYtOWMzZTlmOGI0MWE4XkEyXkFqcGdeQXVyMjk3NTUyOTc@._V1_.jpg
Mirri Maz Duur;;https://images-na.ssl-images-amazon.com/images/M/MV5BNDNiMzM4ZTAtZDhkMy00OTI3LTkxNzgtMTVjNmU5YTEyYTVjXkEyXkFqcGdeQXVyMjk3NTUyOTc@._V1_.jpg
Missandei;;https://images-na.ssl-images-amazon.com/images/M/MV5BNTE5OTI0OTA0OV5BMl5BanBnXkFtZTcwODczOTAzOQ@@._V1_SY1000_CR0,0,666,1000_AL_.jpg
Mord;;https://images-na.ssl-images-amazon.com/images/M/MV5BOGIzMmRlOWEtMjUwYy00OGM1LTkwNDEtZTlmODNkMWY4MWU3XkEyXkFqcGdeQXVyMjk3NTUyOTc@._V1_.jpg
Mossador;;https://images-na.ssl-images-amazon.com/images/M/MV5BMGYxZjVkOGEtMWI0NS00ODc3LTlkMzUtMGFkNzJlMDc1MGY4XkEyXkFqcGdeQXVyMjk3NTUyOTc@._V1_.jpg
Mycah;;https://images-na.ssl-images-amazon.com/images/M/MV5BMmE5NjdjMzktZTYwNy00MzdhLWI2MjktNTUwNjA4OTA4MTAxXkEyXkFqcGdeQXVyMjk3NTUyOTc@._V1_.jpg
Myranda;;https://images-na.ssl-images-amazon.com/images/M/MV5BYmJjYTdiNjgtM2JmMC00ZmUxLWE1MzMtZWRiMzcwODZmNDE2XkEyXkFqcGdeQXVyMjk3NTUyOTc@._V1_.jpg
Myrcella Baratheon;;https://images-na.ssl-images-amazon.com/images/M/MV5BMTA4OTA1MTIxMzdeQTJeQWpwZ15BbWU3MDY2NjQ4NTc@._V1_SY1000_CR0,0,665,1000_AL_.jpg
Ned Umber;;
Nymeria Sand;;https://images-na.ssl-images-amazon.com/images/M/MV5BNDZmN2FkMTEtMmMyYy00ZTcwLWE3MGQtNGU1NzY4MjAxNjQ0XkEyXkFqcGdeQXVyMjk3NTUyOTc@._V1_.jpg
Obara Sand;;https://images-na.ssl-images-amazon.com/images/M/MV5BOWU3OTRmYmItZTZiYi00Mjk1LTk2NTItMzBjZmQ3NDZhMDMyXkEyXkFqcGdeQXVyMjk3NTUyOTc@._V1_.jpg
Oberyn Martell;;https://images-na.ssl-images-amazon.com/images/M/MV5BZTJmYjViYjctYTU0My00NTJiLWE2YzUtOWZkNTg4MTZkZmEyXkEyXkFqcGdeQXVyMjk3NTUyOTc@._V1_.jpg
Olenna Tyrell;;https://images-na.ssl-images-amazon.com/images/M/MV5BMTkxMjgwOTQ3Nl5BMl5BanBnXkFtZTcwMjE2NzE5OQ@@._V1_SY1000_CR0,0,662,1000_AL_.jpg
Olly;;https://images-na.ssl-images-amazon.com/images/M/MV5BOWFiYTRlMzMtMmQzZC00Y2UxLTgzMzAtZGEzOTlkMGRiODBkXkEyXkFqcGdeQXVyMjk3NTUyOTc@._V1_.jpg
Olyvar;;https://images-na.ssl-images-amazon.com/images/M/MV5BOTZiNDAwYzQtMGJkZi00OGM4LTg2OTgtNzFjZTM1ZGExMzNiXkEyXkFqcGdeQXVyMjk3NTUyOTc@._V1_.jpg
Orell;;https://images-na.ssl-images-amazon.com/images/M/MV5BOTQ1NDAzODQtNzAzMy00MDRhLTkwMWItZTNmMWJmN2I5MTlmXkEyXkFqcGdeQXVyMjk3NTUyOTc@._V1_.jpg
Ornela;;https://images-na.ssl-images-amazon.com/images/M/MV5BODdmZDIwMTEtYWI1OS00YTVmLWIzZGUtOWI4YTk3MWU3NTNhXkEyXkFqcGdeQXVyMjg2MTMyNTM@._V1_.jpg
Osha;;https://images-na.ssl-images-amazon.com/images/M/MV5BMjI4NjY0ODY2OV5BMl5BanBnXkFtZTcwMzU5ODg4OQ@@._V1_.jpg
Othell Yarwyck;;https://images-na.ssl-images-amazon.com/images/M/MV5BNDgzYzhkZWYtYTA3OS00ZTk5LTgwYTUtNThiMDFmNjBmZmIxXkEyXkFqcGdeQXVyMjk3NTUyOTc@._V1_.jpg
Othor;;
Petyr Baelish;Littlefinger;https://images-na.ssl-images-amazon.com/images/M/MV5BMTQ1MjE3OTc3M15BMl5BanBnXkFtZTcwODgzODg4OQ@@._V1_.jpg
Podrick Payne;;https://images-na.ssl-images-amazon.com/images/M/MV5BNTU5NjczOTQyNl5BMl5BanBnXkFtZTcwMzMwNTk4OQ@@._V1_.jpg
Polliver;;https://images-na.ssl-images-amazon.com/images/M/MV5BY2EwODU4ZGMtZGVkZi00ZjE4LTlhZTItNzNjNGZiM2UxZTc1XkEyXkFqcGdeQXVyMjk3NTUyOTc@._V1_.jpg
Prendahl na Ghezn;;https://images-na.ssl-images-amazon.com/images/M/MV5BYzkyZDYyNGYtNDEyNC00NTQ2LWI4N2MtNmM0YzcwOTc1ODRlXkEyXkFqcGdeQXVyMjg2MTMyNTM@._V1_SX1777_CR0,0,1777,999_AL_.jpg
Pyat Pree;;https://images-na.ssl-images-amazon.com/images/M/MV5BYmMzZmVkMTItNmY3Yy00MDU2LThmNTctOWJmYTNhMThhNTRlXkEyXkFqcGdeQXVyMjk3NTUyOTc@._V1_.jpg
Pypar;;https://images-na.ssl-images-amazon.com/images/M/MV5BNTFiNTIxY2MtY2ExOC00NjM1LTg0MGEtYzUzYzA0YzIyY2VjXkEyXkFqcGdeQXVyMjk3NTUyOTc@._V1_.jpg
Qhono;;https://images-na.ssl-images-amazon.com/images/M/MV5BMGMwYjgwMGQtOGRlNC00NDg0LTliM2ItN2I1NzIxZmQ5YTU1XkEyXkFqcGdeQXVyMjk3NTUyOTc@._V1_.jpg
Qhorin Halfhand;;https://images-na.ssl-images-amazon.com/images/M/MV5BODM1MzJmZmUtZWI2MS00YjliLWJhNTItZmMzNmQ1YzA0ZjlmXkEyXkFqcGdeQXVyMjk3NTUyOTc@._V1_.jpg
Qotho;;https://images-na.ssl-images-amazon.com/images/M/MV5BOWFjY2Y4NTgtZjQ5OS00YjM0LWI3OTItMWYyM2QzYjQyODk1XkEyXkFqcGdeQXVyMjk3NTUyOTc@._V1_.jpg
Quaithe;;https://images-na.ssl-images-amazon.com/images/M/MV5BMWU1YzE1MmUtMDk3ZS00ZTQxLTg5ZjEtYzgxZDk5MzFkOWUyXkEyXkFqcGdeQXVyMjk3NTUyOTc@._V1_.jpg
Qyburn;;https://images-na.ssl-images-amazon.com/images/M/MV5BZGEzNDY2YjktMDM1ZS00MTI1LWEyYmMtNTdiMzczNmY4ZWEzXkEyXkFqcGdeQXVyMjk3NTUyOTc@._V1_.jpg
Rakharo;;https://images-na.ssl-images-amazon.com/images/M/MV5BNzU2OWU5YzQtMTM1YS00ZDBjLWJlOTUtODg5ZTJlNjU5MTIyXkEyXkFqcGdeQXVyMjk3NTUyOTc@._V1_.jpg
Ramsay Snow;;https://images-na.ssl-images-amazon.com/images/M/MV5BMzM5Nzk3NTU5N15BMl5BanBnXkFtZTgwNzczMjk5NTE@._V1_SY1000_CR0,0,665,1000_AL_.jpg
Randyll Tarly;;https://images-na.ssl-images-amazon.com/images/M/MV5BMjIwMTY0NTc4N15BMl5BanBnXkFtZTgwNTMyNzYwOTE@._V1_SY1000_CR0,0,1502,1000_AL_.jpg
Rast;;https://images-na.ssl-images-amazon.com/images/M/MV5BYzI5NjQ3ZTctODgyYi00ZTZhLTk2M2EtM2E3MzYxNDBkMWU5XkEyXkFqcGdeQXVyMjk3NTUyOTc@._V1_.jpg
Rattleshirt;Lord of Bones;https://images-na.ssl-images-amazon.com/images/M/MV5BYzk1ZDA3YjktMWZhMi00MTA4LTk0YjItY2ZmMDRlZDY3MmM2XkEyXkFqcGdeQXVyMjk3NTUyOTc@._V1_.jpg
Razdal mo Eraz;;https://images-na.ssl-images-amazon.com/images/M/MV5BODdjNzdkYWQtZmE1OS00YzcxLTljMTctNWZmMDI3OTAzZmZiXkEyXkFqcGdeQXVyMjk3NTUyOTc@._V1_.jpg
Renly Baratheon;;https://images-na.ssl-images-amazon.com/images/M/MV5BNjA4OTE5MzcyOF5BMl5BanBnXkFtZTcwNDA1ODg5NA@@._V1_SX1500_CR0,0,1500,999_AL_.jpg
Rhaegal;;
Rhaegar Targaryen;;
Rhaego;;
Rhaella Targaryen;;
Rhaenys Targaryen;;
Rickard Karstark;;https://images-na.ssl-images-amazon.com/images/M/MV5BM2IwZThkNjQtYzU2NS00ZTRiLWFjNDUtNTdmMGQ2ZmE5M2NmXkEyXkFqcGdeQXVyMjk3NTUyOTc@._V1_.jpg
Rickard Stark;;
Rickon Stark;;https://images-na.ssl-images-amazon.com/images/M/MV5BMWZiOGNjMDAtOTRlNi00MDJmLWEyMTMtOGEwZTM5ODJlNDAyXkEyXkFqcGdeQXVyMjk3NTUyOTc@._V1_.jpg
Robb Stark;;https://images-na.ssl-images-amazon.com/images/M/MV5BMjI2NDE1NzczNF5BMl5BanBnXkFtZTcwNjcwODg4OQ@@._V1_SY1000_CR0,0,845,1000_AL_.jpg
Robert Baratheon;;https://images-na.ssl-images-amazon.com/images/M/MV5BMzQwMDcwNzY5MF5BMl5BanBnXkFtZTcwMzIyMTE5OQ@@._V1_.jpg
Robett Glover;;https://images-na.ssl-images-amazon.com/images/M/MV5BMDYwNzhkZjctMzdlOS00MTAxLWE3ODktOTc2ODczMmJmNjkwXkEyXkFqcGdeQXVyMjk3NTUyOTc@._V1_.jpg
Robin Arryn;;https://images-na.ssl-images-amazon.com/images/M/MV5BNjBlNzE3YjEtMTcwYS00OTQxLTk1NjEtNGMwNzJhNWI2OGJjXkEyXkFqcGdeQXVyMjk3NTUyOTc@._V1_.jpg
Rodrik Cassel;;https://images-na.ssl-images-amazon.com/images/M/MV5BMTc4NDk5MjAwMF5BMl5BanBnXkFtZTcwNTk1NDk4OQ@@._V1_.jpg
Roose Bolton;;https://images-na.ssl-images-amazon.com/images/M/MV5BMTQyMjE3MTExN15BMl5BanBnXkFtZTcwMTI3NDk4OQ@@._V1_.jpg
Rorge;;https://images-na.ssl-images-amazon.com/images/M/MV5BZjE4Mjc3MTktMDYyOC00ZDVlLWJlNjMtYzFiMDFlYzg3MjJjXkEyXkFqcGdeQXVyMjk3NTUyOTc@._V1_.jpg
Ros;;https://images-na.ssl-images-amazon.com/images/M/MV5BMTg0NzA4OTQ5Ml5BMl5BanBnXkFtZTcwMDY5ODg4OQ@@._V1_SY1000_CR0,0,811,1000_AL_.jpg
Roslin Frey;;https://images-na.ssl-images-amazon.com/images/M/MV5BNzhhZGIxYjctMjBkNC00YTJhLTlmMDAtOWUyYjlhNWE3Yzg3XkEyXkFqcGdeQXVyMjk3NTUyOTc@._V1_.jpg
Ryger Rivers;;
Salladhor Saan;;https://images-na.ssl-images-amazon.com/images/M/MV5BMzIyNzg3MDktM2M3OS00YzUzLTk2ZjktMGMxY2Y5Y2IyMGVhXkEyXkFqcGdeQXVyMjk3NTUyOTc@._V1_.jpg
Samwell Tarly;;https://images-na.ssl-images-amazon.com/images/M/MV5BMTQyODYyOTczMF5BMl5BanBnXkFtZTcwNjY0ODg4OQ@@._V1_.jpg
Sandor Clegane;The Hound;https://images-na.ssl-images-amazon.com/images/M/MV5BMTQwMjEwNDQ1MF5BMl5BanBnXkFtZTcwMzAxODg4OQ@@._V1_.jpg
Sansa Stark;;https://images-na.ssl-images-amazon.com/images/M/MV5BNjAwMjE2NDExNF5BMl5BanBnXkFtZTcwODAwODg4OQ@@._V1_SY1000_CR0,0,806,1000_AL_.jpg
Selyse Baratheon;;https://images-na.ssl-images-amazon.com/images/M/MV5BZGZjNDA5YWUtZjE5OC00NGE2LWI3Y2UtOTQ1Yjg1MDc3MTk4L2ltYWdlXkEyXkFqcGdeQXVyMjk3NTUyOTc@._V1_.jpg
Shae;;https://images-na.ssl-images-amazon.com/images/M/MV5BMTkwMTA0NTY5NF5BMl5BanBnXkFtZTcwNjk2ODg4OQ@@._V1_.jpg
Shagga;;https://images-na.ssl-images-amazon.com/images/M/MV5BY2Y1YTI2YTMtY2E3Ny00OTliLTg2MWYtMTFlYWU3ZjAyYzFiXkEyXkFqcGdeQXVyMjk3NTUyOTc@._V1_.jpg
Shaggydog;;
Shireen Baratheon;;https://images-na.ssl-images-amazon.com/images/M/MV5BZjUzNmYzZDktZGY4ZS00ZDA1LWE1MGItMDAwM2E1ZGVlODg1XkEyXkFqcGdeQXVyMjk3NTUyOTc@._V1_.jpg
Silk King;;https://images-na.ssl-images-amazon.com/images/M/MV5BYTA3YTFlMDAtNzIxNy00NGQzLWJlMjYtZGY3MjdmNThjMGIwXkEyXkFqcGdeQXVyMjk3NTUyOTc@._V1_.jpg
Smalljon Umber;;https://images-na.ssl-images-amazon.com/images/M/MV5BNzViODI3ZTctMjZmNC00MzBhLWIxNTgtMDAzMTQ5OWM3YjE2XkEyXkFqcGdeQXVyMjk3NTUyOTc@._V1_.jpg
Stannis Baratheon;;https://images-na.ssl-images-amazon.com/images/M/MV5BMjExNzY0NzI0NF5BMl5BanBnXkFtZTcwNjA2NDk4OQ@@._V1_.jpg
Steelshanks Walton;;https://images-na.ssl-images-amazon.com/images/M/MV5BMjIxOWYwYTctNjFlMy00MmUyLWI4MWYtZjhkMzNhYjI5YzQ1XkEyXkFqcGdeQXVyMjk3NTUyOTc@._V1_.jpg
Stevron Frey;;
Stiv;;https://images-na.ssl-images-amazon.com/images/M/MV5BYjFhYzE5NGYtMWM5Zi00YjAyLWI4YTktNDhhYTE1NGFhZjgwXkEyXkFqcGdeQXVyMjk3NTUyOTc@._V1_.jpg
Styr;;https://images-na.ssl-images-amazon.com/images/M/MV5BMjAyNDM4Mjc1M15BMl5BanBnXkFtZTgwODQyMTg1MTE@._V1_SX1777_CR0,0,1777,999_AL_.jpg
Summer;;
Syrio Forel;;https://images-na.ssl-images-amazon.com/images/M/MV5BMjE2OTA3NDY5Nl5BMl5BanBnXkFtZTcwMDg0ODg5NA@@._V1_SY1000_CR0,0,665,1000_AL_.jpg
Talisa Maegyr;;https://images-na.ssl-images-amazon.com/images/M/MV5BMjE1MjY3ODA5OF5BMl5BanBnXkFtZTcwMTA3NDk4OQ@@._V1_.jpg
Talla Tarly;;https://images-na.ssl-images-amazon.com/images/M/MV5BZTYwYTA2MWEtM2FjNS00MDNhLWIyMzMtODI0Mjg2Y2ZlODBiXkEyXkFqcGdeQXVyMjk3NTUyOTc@._V1_.jpg
Ternesio Terys;;
Night King;;https://images-na.ssl-images-amazon.com/images/M/MV5BY2ZjNmYyMjAtNGUwYi00N2JmLWEyMTYtMDM5YmM2MWFhMWFiXkEyXkFqcGdeQXVyNDUzOTQ5MjY@._V1_.jpg
Thenn Warg;;
Theon Greyjoy;;https://images-na.ssl-images-amazon.com/images/M/MV5BMTM3ODUyOTY3N15BMl5BanBnXkFtZTcwNjI4MTg4OQ@@._V1_.jpg
Thoros of Myr;;https://images-na.ssl-images-amazon.com/images/M/MV5BMTYwNzc0MDUzNF5BMl5BanBnXkFtZTcwMDc1NzE5OQ@@._V1_.jpg
Three-Eyed Raven;;https://images-na.ssl-images-amazon.com/images/M/MV5BOGI4NGRiNTUtM2ZlYy00ZjhlLWJlYWItMjgzNWIzYWQwZWY0XkEyXkFqcGdeQXVyMjk3NTUyOTc@._V1_.jpg
Timett;;https://images-na.ssl-images-amazon.com/images/M/MV5BMTM5MjU1NzA1NF5BMl5BanBnXkFtZTcwOTA2Nzk1NQ@@._V1_.jpg
Tobho Mott;;
Todder;;
Tomard;;
Tommen Baratheon;;https://images-na.ssl-images-amazon.com/images/M/MV5BOTY1YWUxM2QtZjhmZC00ZmQ2LThkM2YtNTk2MmQ5OTk3NGMyXkEyXkFqcGdeQXVyMjk3NTUyOTc@._V1_.jpg
Tormund Giantsbane;;https://images-na.ssl-images-amazon.com/images/M/MV5BMTc1OTU3NjUzNF5BMl5BanBnXkFtZTcwNDE0NzE5OQ@@._V1_SY1000_CR0,0,717,1000_AL_.jpg
Trystane Martell;;https://images-na.ssl-images-amazon.com/images/M/MV5BODkzNjY0NTA0MV5BMl5BanBnXkFtZTgwNjc1NDE3NTE@._V1_.jpg
Tycho Nestoris;;https://images-na.ssl-images-amazon.com/images/M/MV5BOTFjYWJjZTEtM2Y1Zi00YzE0LTkzOTItZGZkNzM2YjBiNjg5XkEyXkFqcGdeQXVyMjk3NTUyOTc@._V1_.jpg
Tyene Sand;;https://images-na.ssl-images-amazon.com/images/M/MV5BNDY5NzBiMTQtYzhmMS00Y2FmLTkzYzYtYzM2ODBjNGZlNGNiXkEyXkFqcGdeQXVyMjk3NTUyOTc@._V1_.jpg
Tyrion Lannister;;https://images-na.ssl-images-amazon.com/images/M/MV5BMjA2MDAwOTI0OV5BMl5BanBnXkFtZTcwNjA3NDg1Nw@@._V1_SX1500_CR0,0,1500,999_AL_.jpg
Tywin Lannister;;https://images-na.ssl-images-amazon.com/images/M/MV5BOTA4ODMxMzE1OV5BMl5BanBnXkFtZTcwMTM0ODg4OQ@@._V1_.jpg
Vala;;https://images-na.ssl-images-amazon.com/images/M/MV5BYzdiYzllYjMtMGJmNC00NWIwLWIwMzEtOTM1Mjk4ZTkxZDM1XkEyXkFqcGdeQXVyMjk3NTUyOTc@._V1_.jpg
Vardis Egen;;https://images-na.ssl-images-amazon.com/images/M/MV5BMzg1Y2NiYTYtNDY0Yi00OGMwLWJjZjktZDVlNDE1Y2M3MTMzXkEyXkFqcGdeQXVyMjk3NTUyOTc@._V1_.jpg
Varly;;
Viserion;;
Viserys Targaryen;;https://images-na.ssl-images-amazon.com/images/M/MV5BMTgwNzIxMTU1OV5BMl5BanBnXkFtZTcwNzI2ODg5NA@@._V1_SY1000_CR0,0,1503,1000_AL_.jpg
Walda Bolton;;https://images-na.ssl-images-amazon.com/images/M/MV5BOTZiNWE2YTYtZDA2Ny00ZmUwLTk4ZWUtZjFkM2JkYjFiNjE3XkEyXkFqcGdeQXVyMjk3NTUyOTc@._V1_.jpg
Walder Frey;;https://images-na.ssl-images-amazon.com/images/M/MV5BYzU0YzZjMTktZDA2Ni00YTRhLWFkZTgtOTQ4Yjg2MmQ2OGUzXkEyXkFqcGdeQXVyMjk3NTUyOTc@._V1_.jpg
Wallen;;
Warlock;;https://images-na.ssl-images-amazon.com/images/M/MV5BMzE0NjExMGMtYjJlOC00MWI4LTg5MTgtYTIzZTgxZjc2NDAyXkEyXkFqcGdeQXVyMjk3NTUyOTc@._V1_.jpg
Waymar Royce;;https://images-na.ssl-images-amazon.com/images/M/MV5BYzE1Y2EwN2QtMzMzZS00MDZkLTg4ZjItN2NkNGNkYjAzZGVlXkEyXkFqcGdeQXVyMjk3NTUyOTc@._V1_.jpg
Will;;https://images-na.ssl-images-amazon.com/images/M/MV5BMjA0NjU2MjIzNF5BMl5BanBnXkFtZTgwNzEyODI1MDI@._V1_.jpg
Willem Lannister;;
Willis Wode;;https://images-na.ssl-images-amazon.com/images/M/MV5BMmY3NWI0YTItNWFkZi00MTVlLWIyNDQtN2MwYjY0ZjhhOTdlXkEyXkFqcGdeQXVyMjk3NTUyOTc@._V1_.jpg
Wun Wun;;https://images-na.ssl-images-amazon.com/images/M/MV5BNTFjMTczNTQtNzE5MC00ZTI1LWI0ZGMtMTA4NGU2ZGQ5ZjRkXkEyXkFqcGdeQXVyNDUzOTQ5MjY@._V1_.jpg
Wyllis;;
Xaro Xhoan Daxos;;https://images-na.ssl-images-amazon.com/images/M/MV5BMTU3NTA5NDA3NF5BMl5BanBnXkFtZTcwNzY2NDg1Nw@@._V1_SY1000_CR0,0,666,1000_AL_.jpg
Yara Greyjoy;;https://images-na.ssl-images-amazon.com/images/M/MV5BMTc2NzU5ODk0MV5BMl5BanBnXkFtZTcwMzEyNDY2OQ@@._V1_SY1000_CR0,0,1503,1000_AL_.jpg
Yezzan zo Qaggaz;;https://images-na.ssl-images-amazon.com/images/M/MV5BZDgyOTFhMzktNWE5MS00YTY3LTk0YTYtMjkyMjFkODIxOTJiXkEyXkFqcGdeQXVyMjk3NTUyOTc@._V1_.jpg
Ygritte;;https://images-na.ssl-images-amazon.com/images/M/MV5BMTg0NDA1Njk3Nl5BMl5BanBnXkFtZTcwOTQ2NDk4OQ@@._V1_SY1000_CR0,0,724,1000_AL_.jpg
Yohn Royce;;https://images-na.ssl-images-amazon.com/images/M/MV5BZjgwNDc4NGQtMmQyMS00YjMyLWFhZWUtZmM0MjRkYmNmNGExXkEyXkFqcGdeQXVyMjk3NTUyOTc@._V1_.jpg
Yoren;;https://images-na.ssl-images-amazon.com/images/M/MV5BMTZjZWMwZWItYTdlNi00N2RmLWFlYjQtZTZlYTIxYTRkMWJlXkEyXkFqcGdeQXVyMjk3NTUyOTc@._V1_.jpg
Zanrush;;https://images-na.ssl-images-amazon.com/images/M/MV5BNTJjYzk1MGMtNjE3Mi00NjE2LTkzMWUtNGRjODVlY2JmMmI5XkEyXkFqcGdeQXVyMjk3NTUyOTc@._V1_.jpg
